,Symbol,Security,SEC filings,GICS Sector,GICS Sub Industry,Headquarters Location,Date first added,CIK,Founded
0,MMM,3M Company,reports,Industrials,Industrial Conglomerates,"St. Paul, Minnesota",1976-08-09,66740,1902
1,ABT,Abbott Laboratories,reports,Health Care,Health Care Equipment,"North Chicago, Illinois",1964-03-31,1800,1888
2,ABBV,AbbVie Inc.,reports,Health Care,Pharmaceuticals,"North Chicago, Illinois",2012-12-31,1551152,2013 (1888)
3,ABMD,ABIOMED Inc,reports,Health Care,Health Care Equipment,"Danvers, Massachusetts",2018-05-31,815094,1981
4,ACN,Accenture plc,reports,Information Technology,IT Consulting & Other Services,"Dublin, Ireland",2011-07-06,1467373,1989
5,ATVI,Activision Blizzard,reports,Communication Services,Interactive Home Entertainment,"Santa Monica, California",2015-08-31,718877,2008
6,ADBE,Adobe Inc.,reports,Information Technology,Application Software,"San Jose, California",1997-05-05,796343,1982
7,AMD,Advanced Micro Devices Inc,reports,Information Technology,Semiconductors,"Santa Clara, California",2017-03-20,2488,1969
8,AAP,Advance Auto Parts,reports,Consumer Discretionary,Automotive Retail,"Raleigh, North Carolina",2015-07-09,1158449,1932
9,AES,AES Corp,reports,Utilities,Independent Power Producers & Energy Traders,"Arlington, Virginia",1998-10-02,874761,1981
10,AFL,AFLAC Inc,reports,Financials,Life & Health Insurance,"Columbus, Georgia",1999-05-28,4977,1955
11,A,Agilent Technologies Inc,reports,Health Care,Health Care Equipment,"Santa Clara, California",2000-06-05,1090872,1999
12,APD,Air Products & Chemicals Inc,reports,Materials,Industrial Gases,"Allentown, Pennsylvania",1985-04-30,2969,1940
13,AKAM,Akamai Technologies Inc,reports,Information Technology,Internet Services & Infrastructure,"Cambridge, Massachusetts",2007-07-12,1086222,1998
14,ALK,Alaska Air Group Inc,reports,Industrials,Airlines,"Seattle, Washington",2016-05-13,766421,1985
15,ALB,Albemarle Corp,reports,Materials,Specialty Chemicals,"Charlotte, North Carolina",2016-07-01,915913,1994
16,ARE,Alexandria Real Estate Equities,reports,Real Estate,Office REITs,"Pasadena, California",2017-03-20,1035443,1994
17,ALXN,Alexion Pharmaceuticals,reports,Health Care,Biotechnology,"Boston, Massachusetts",2012-05-25,899866,1992
18,ALGN,Align Technology,reports,Health Care,Health Care Supplies,"San Jose, California",2017-06-19,1097149,1997
19,ALLE,Allegion,reports,Industrials,Building Products,"Dublin, Ireland",2013-12-02,1579241,1908
20,AGN,"Allergan, plc",reports,Health Care,Pharmaceuticals,"Dublin, Ireland",1999-04-12,1578845,1983
21,ADS,Alliance Data Systems,reports,Information Technology,Data Processing & Outsourced Services,"Plano, Texas",2013-12-23,1101215,1996
22,LNT,Alliant Energy Corp,reports,Utilities,Electric Utilities,"Madison, Wisconsin",2016-07-01,352541,1917
23,ALL,Allstate Corp,reports,Financials,Property & Casualty Insurance,"Northfield Township, Illinois",1995-07-13,899051,1931
24,GOOGL,Alphabet Inc Class A,reports,Communication Services,Interactive Media & Services,"Mountain View, California",2014-04-03,1652044,1998
25,GOOG,Alphabet Inc Class C,reports,Communication Services,Interactive Media & Services,"Mountain View, California",2006-04-03,1652044,1998
26,MO,Altria Group Inc,reports,Consumer Staples,Tobacco,"Richmond, Virginia",,764180,1985
27,AMZN,Amazon.com Inc.,reports,Consumer Discretionary,Internet & Direct Marketing Retail,"Seattle, Washington",2005-11-18,1018724,1994
28,AMCR,Amcor plc,reports,Materials,Paper Packaging,"Warmley, Bristol, United Kingdom",2019-06-07,1748790,2019 (1860)
29,AEE,Ameren Corp,reports,Utilities,Multi-Utilities,"St. Louis, Missouri",1991-09-19,1002910,1902
30,AAL,American Airlines Group,reports,Industrials,Airlines,"Fort Worth, Texas",2015-03-23,6201,1934
31,AEP,American Electric Power,reports,Utilities,Electric Utilities,"Columbus, Ohio",,4904,1906
32,AXP,American Express Co,reports,Financials,Consumer Finance,"New York, New York",1976-06-30,4962,1850
33,AIG,American International Group,reports,Financials,Property & Casualty Insurance,"New York, New York",1980-03-31,5272,1919
34,T,AT&T,reports,Communication Services,Integrated Telecommunication Services,"Dallas, Texas",1983-11-30 (1957-03-04),732717,1983 (1885)
35,AMT,American Tower Corp.,reports,Real Estate,Specialized REITs,"Boston, Massachusetts",2007-11-19,1053507,1995
36,AWK,American Water Works Company Inc,reports,Utilities,Water Utilities,"Camden, New Jersey",2016-03-04,1410636,1886
37,AMP,Ameriprise Financial,reports,Financials,Asset Management & Custody Banks,"Minneapolis, Minnesota",2005-10-03,820027,1894
38,ABC,AmerisourceBergen Corp,reports,Health Care,Health Care Distributors,"Chesterbrook, Pennsylvania",2001-08-30,1140859,1985
39,AME,AMETEK Inc.,reports,Industrials,Electrical Components & Equipment,"Berwyn, Pennsylvania",2013-09-23,1037868,1930
40,AMGN,Amgen Inc.,reports,Health Care,Biotechnology,"Thousand Oaks, California",1992-01-02,318154,1980
41,APH,Amphenol Corp,reports,Information Technology,Electronic Components,"Wallingford, Connecticut",2008-09-30,820313,1932
42,ADI,"Analog Devices, Inc.",reports,Information Technology,Semiconductors,"Norwood, Massachusetts",1999-10-12,6281,1965
43,ANSS,ANSYS,reports,Information Technology,Application Software,"Canonsburg, Pennsylvania",2017-06-19,1013462,1969
44,ANTM,Anthem,reports,Health Care,Managed Health Care,"Indianapolis, Indiana",2002-07-25,1156039,2014 (1940s)
45,AON,Aon plc,reports,Financials,Insurance Brokers,"London, United Kingdom",1996-04-23,315293,1982 (1919)
46,AOS,A.O. Smith Corp,reports,Industrials,Building Products,"Milwaukee, Wisconsin",2017-07-26,91142,1916
47,APA,Apache Corporation,reports,Energy,Oil & Gas Exploration & Production,"Houston, Texas",1997-07-28,6769,1954
48,AIV,Apartment Investment & Management,reports,Real Estate,Residential REITs,"Denver, Colorado",2003-03-14,922864,1994 (1975)
49,AAPL,Apple Inc.,reports,Information Technology,"Technology Hardware, Storage & Peripherals","Cupertino, California",1982-11-30,320193,1977
50,AMAT,Applied Materials Inc.,reports,Information Technology,Semiconductor Equipment,"Santa Clara, California",1995-03-16,6951,1967
51,APTV,Aptiv PLC,reports,Consumer Discretionary,Auto Parts & Equipment,"Dublin, Ireland",2012-12-24,1521332,1994
52,ADM,Archer-Daniels-Midland Co,reports,Consumer Staples,Agricultural Products,"Chicago, Illinois",1981-07-29,7084,1902
53,ARNC,Arconic Inc.,reports,Industrials,Aerospace & Defense,"New York, New York",1964-03-31,4281,2016
54,ANET,Arista Networks,reports,Information Technology,Communications Equipment,"Santa Clara, California",2018-08-28,1596532,2004
55,AJG,Arthur J. Gallagher & Co.,reports,Financials,Insurance Brokers,"Itasca, Illinois",2016-05-31,354190,
56,AIZ,Assurant,reports,Financials,Multi-line Insurance,"New York, New York",2007-04-10,1267238,
57,ATO,Atmos Energy Corp,reports,Utilities,Gas Utilities,"Dallas, Texas",2019-02-15,731802,1906
58,ADSK,Autodesk Inc.,reports,Information Technology,Application Software,"San Rafael, California",1989-12-01,769397,
59,ADP,Automatic Data Processing,reports,Information Technology,Internet Services & Infrastructure,"Roseland, New Jersey",1981-03-31,8670,
60,AZO,AutoZone Inc,reports,Consumer Discretionary,Specialty Stores,"Memphis, Tennessee",1997-01-02,866787,
61,AVB,"AvalonBay Communities, Inc.",reports,Real Estate,Residential REITs,"Arlington, Virginia[3]",2007-01-10,915912,
62,AVY,Avery Dennison Corp,reports,Materials,Paper Packaging,"Glendale, California",1987-12-31,8818,
63,BKR,Baker Hughes Co,reports,Energy,Oil & Gas Equipment & Services,"Houston, Texas",2017-07-07,1701605,2017
64,BLL,Ball Corp,reports,Materials,Metal & Glass Containers,"Broomfield, Colorado",1984-10-31,9389,
65,BAC,Bank of America Corp,reports,Financials,Diversified Banks,"Charlotte, North Carolina",1976-06-30,70858,
66,BK,The Bank of New York Mellon Corp.,reports,Financials,Asset Management & Custody Banks,"New York, New York",1995-03-31,1390777,
67,BAX,Baxter International Inc.,reports,Health Care,Health Care Equipment,"Deerfield, Illinois",1972-09-30,10456,1931
68,BDX,Becton Dickinson,reports,Health Care,Health Care Equipment,"Franklin Lakes, New Jersey",1972-09-30,10795,1897
69,BRK.B,Berkshire Hathaway,reports,Financials,Multi-Sector Holdings,"Omaha, Nebraska",2010-02-16,1067983,
70,BBY,Best Buy Co. Inc.,reports,Consumer Discretionary,Computer & Electronics Retail,"Richfield, Minnesota",1999-06-29,764478,
71,BIIB,Biogen Inc.,reports,Health Care,Biotechnology,"Cambridge, Massachusetts",2003-11-13,875045,
72,BLK,BlackRock,reports,Financials,Asset Management & Custody Banks,"New York, New York",2011-04-04,1364742,
73,BA,Boeing Company,reports,Industrials,Aerospace & Defense,"Chicago, Illinois",,12927,1916
74,BKNG,Booking Holdings Inc,reports,Consumer Discretionary,Internet & Direct Marketing Retail,"Norwalk, Connecticut",2009-11-06,1075531,
75,BWA,BorgWarner,reports,Consumer Discretionary,Auto Parts & Equipment,"Auburn Hills, Michigan",2011-12-19,908255,
76,BXP,Boston Properties,reports,Real Estate,Office REITs,"Boston, Massachusetts",2006-04-03,1037540,
77,BSX,Boston Scientific,reports,Health Care,Health Care Equipment,"Marlborough, Massachusetts[4]",1995-02-24,885725,
78,BMY,Bristol-Myers Squibb,reports,Health Care,Health Care Distributors,"New York, New York",,14272,1989
79,AVGO,Broadcom Inc.,reports,Information Technology,Semiconductors,"San Jose, California",2014-05-08,1730168,1961
80,BR,Broadridge Financial Solutions,reports,Information Technology,Data Processing & Outsourced Services,"Lake Success, New York",2018-06-18,1383312,1962
81,BF.B,Brown-Forman Corp.,reports,Consumer Staples,Distillers & Vintners,"Louisville, Kentucky",1982-10-31,14693,
82,CHRW,C. H. Robinson Worldwide,reports,Industrials,Air Freight & Logistics,"Eden Prairie, Minnesota",2007-03-02,1043277,
83,COG,Cabot Oil & Gas,reports,Energy,Oil & Gas Exploration & Production,"Houston, Texas",2008-06-23,858470,
84,CDNS,Cadence Design Systems,reports,Information Technology,Application Software,"San Jose, California",2017-09-18,813672,
85,CPB,Campbell Soup,reports,Consumer Staples,Packaged Foods & Meats,"Camden, New Jersey",,16732,1869
86,COF,Capital One Financial,reports,Financials,Consumer Finance,"Tysons Corner, Virginia",1998-07-01,927628,1935
87,CPRI,Capri Holdings,reports,Consumer Discretionary,"Apparel, Accessories & Luxury Goods","New York, New York",2013-11-13,1530721,
88,CAH,Cardinal Health Inc.,reports,Health Care,Health Care Distributors,"Dublin, Ohio",1997-05-27,721371,
89,KMX,Carmax Inc,reports,Consumer Discretionary,Specialty Stores,"Richmond, Virginia",2010-06-28,1170010,
90,CCL,Carnival Corp.,reports,Consumer Discretionary,"Hotels, Resorts & Cruise Lines","Miami, Florida",1998-12-22,815097,
91,CAT,Caterpillar Inc.,reports,Industrials,Construction Machinery & Heavy Trucks,"Deerfield, Illinois",,18230,1925
92,CBOE,Cboe Global Markets,reports,Financials,Financial Exchanges & Data,"Chicago, Illinois",2017-03-01,1374310,
93,CBRE,CBRE Group,reports,Real Estate,Real Estate Services,"Los Angeles, California",2006-11-10,1138118,
94,CDW,CDW,reports,Information Technology,Technology Distributors,"Lincolnshire, Illinois",2019-09-23,1402057,1984
95,CE,Celanese,reports,Materials,Specialty Chemicals,"Irving, Texas",2018-12-24,1306830,1918
96,CNC,Centene Corporation,reports,Health Care,Managed Health Care,"St Louis, Missouri",2016-03-30,1071739,
97,CNP,CenterPoint Energy,reports,Utilities,Multi-Utilities,"Houston, Texas",1985-07-31,1130310,
98,CTL,CenturyLink Inc,reports,Communication Services,Alternative Carriers,"Monroe, Louisiana",1999-03-25,18926,
99,CERN,Cerner,reports,Health Care,Health Care Technology,"North Kansas City, Missouri",2010-04-30,804753,
100,CF,CF Industries Holdings Inc,reports,Materials,Fertilizers & Agricultural Chemicals,"Deerfield, Illinois",2008-08-27,1324404,
101,SCHW,Charles Schwab Corporation,reports,Financials,Investment Banking & Brokerage,"San Francisco, California",1997-06-02,316709,
102,CHTR,Charter Communications,reports,Communication Services,Cable & Satellite,"Stamford, Connecticut",2016-09-08,1091667,
103,CVX,Chevron Corp.,reports,Energy,Integrated Oil & Gas,"San Ramon, California",,93410,1879
104,CMG,Chipotle Mexican Grill,reports,Consumer Discretionary,Restaurants,"Newport Beach, California",2011-04-28,1058090,
105,CB,Chubb Limited,reports,Financials,Property & Casualty Insurance,"Zurich, Switzerland",2010-07-15,896159,
106,CHD,Church & Dwight,reports,Consumer Staples,Household Products,"Ewing, New Jersey",2015-12-29,313927,
107,CI,CIGNA Corp.,reports,Health Care,Managed Health Care,"Bloomfield, Connecticut",1976-06-30,701221,
108,CINF,Cincinnati Financial,reports,Financials,Property & Casualty Insurance,"Fairfield, Ohio",1997-12-18,20286,
109,CTAS,Cintas Corporation,reports,Industrials,Diversified Support Services,"Mason, Ohio",2001-03-01,723254,
110,CSCO,Cisco Systems,reports,Information Technology,Communications Equipment,"San Jose, California",1993-12-01,858877,
111,C,Citigroup Inc.,reports,Financials,Diversified Banks,"New York, New York",1988-05-31,831001,
112,CFG,Citizens Financial Group,reports,Financials,Regional Banks,"Providence, Rhode Island",2016-01-29,759944,
113,CTXS,Citrix Systems,reports,Information Technology,Application Software,"Fort Lauderdale, Florida",1999-12-01,877890,
114,CLX,The Clorox Company,reports,Consumer Staples,Household Products,"Oakland, California",1969-03-31,21076,1913
115,CME,CME Group Inc.,reports,Financials,Financial Exchanges & Data,"Chicago, Illinois",2006-08-11,1156375,
116,CMS,CMS Energy,reports,Utilities,Multi-Utilities,"Jackson, Michigan",1999-05-03,811156,
117,KO,Coca-Cola Company,reports,Consumer Staples,Soft Drinks,"Atlanta, Georgia",,21344,1886
118,CTSH,Cognizant Technology Solutions,reports,Information Technology,IT Consulting & Other Services,"Teaneck, New Jersey",2006-11-17,1058290,
119,CL,Colgate-Palmolive,reports,Consumer Staples,Household Products,"New York, New York",,21665,1806
120,CMCSA,Comcast Corp.,reports,Communication Services,Cable & Satellite,"Philadelphia, Pennsylvania",2015-09-18,1166691,
121,CMA,Comerica Inc.,reports,Financials,Diversified Banks,"Dallas, Texas",1995-12-01,28412,
122,CAG,Conagra Brands,reports,Consumer Staples,Packaged Foods & Meats,"Chicago, Illinois",1983-08-31,23217,
123,CXO,Concho Resources,reports,Energy,Oil & Gas Exploration & Production,"Midland, Texas",2016-02-22,1358071,
124,COP,ConocoPhillips,reports,Energy,Oil & Gas Exploration & Production,"Houston, Texas",,1163165,2002
125,ED,Consolidated Edison,reports,Utilities,Electric Utilities,"New York, New York",,1047862,1823
126,STZ,Constellation Brands,reports,Consumer Staples,Distillers & Vintners,"Victor, New York",2005-07-01,16918,
127,COO,The Cooper Companies,reports,Health Care,Health Care Supplies,"San Ramon, California",2016-09-23,711404,
128,CPRT,Copart Inc,reports,Industrials,Diversified Support Services,"Dallas, Texas",2018-07-02,900075,
129,GLW,Corning Inc.,reports,Information Technology,Electronic Components,"Corning, New York",,24741,1851
130,CTVA,Corteva,reports,Materials,Fertilizers & Agricultural Chemicals,"Wilmington, Delaware",2019-06-03,1755672,2019
131,COST,Costco Wholesale Corp.,reports,Consumer Staples,Hypermarkets & Super Centers,"Issaquah, Washington",1993-10-01,909832,
132,COTY,"Coty, Inc",reports,Consumer Staples,Personal Products,"New York, New York",2016-10-03,1024305,
133,CCI,Crown Castle International Corp.,reports,Real Estate,Specialized REITs,"Houston, Texas",2012-03-14,1051470,
134,CSX,CSX Corp.,reports,Industrials,Railroads,"Jacksonville, Florida",1967-09-30,277948,1980
135,CMI,Cummins Inc.,reports,Industrials,Industrial Machinery,"Columbus, Indiana",1965-03-31,26172,1919
136,CVS,CVS Health,reports,Health Care,Health Care Services,"Woonsocket, Rhode Island",,64803,1996
137,DHI,D. R. Horton,reports,Consumer Discretionary,Homebuilding,"Fort Worth, Texas",,882184,1978
138,DHR,Danaher Corp.,reports,Health Care,Health Care Equipment,"Washington, D.C.",,313616,1969
139,DRI,Darden Restaurants,reports,Consumer Discretionary,Restaurants,"Orlando, Florida",,940944,1938
140,DVA,DaVita Inc.,reports,Health Care,Health Care Facilities,"Denver, Colorado",2008-07-31,927066,
141,DE,Deere & Co.,reports,Industrials,Agricultural & Farm Machinery,"Moline, Illinois",,315189,1837
142,DAL,Delta Air Lines Inc.,reports,Industrials,Airlines,"Atlanta, Georgia",2013-09-11,27904,
143,XRAY,Dentsply Sirona,reports,Health Care,Health Care Supplies,"York, Pennsylvania",2008-11-14,818479,
144,DVN,Devon Energy,reports,Energy,Oil & Gas Exploration & Production,"Oklahoma City, Oklahoma",2000-08-30,1090012,
145,FANG,Diamondback Energy,reports,Energy,Oil & Gas Exploration & Production,"Midland, Texas",2018-12-03,1539838,2007
146,DLR,Digital Realty Trust Inc,reports,Real Estate,Specialized REITs,"San Francisco, California",2016-05-18,1297996,
147,DFS,Discover Financial Services,reports,Financials,Consumer Finance,"Riverwoods, Illinois",2007-07-02,1393612,
148,DISCA,Discovery Inc. Class A,reports,Communication Services,Broadcasting,"Silver Spring, Maryland",2010-03-01,1437107,
149,DISCK,Discovery Inc. Class C,reports,Communication Services,Broadcasting,"Silver Spring, Maryland",2014-08-07,1437107,
150,DISH,Dish Network,reports,Communication Services,Cable & Satellite,"Meridian, Colorado",2017-03-13,1001082,
151,DG,Dollar General,reports,Consumer Discretionary,General Merchandise Stores,"Goodlettsville, Tennessee",2012-12-03,29534,
152,DLTR,Dollar Tree,reports,Consumer Discretionary,General Merchandise Stores,"Chesapeake, Virginia",2011-12-19,935703,
153,D,Dominion Energy,reports,Utilities,Electric Utilities,"Richmond, Virginia",,715957,1983
154,DOV,Dover Corp.,reports,Industrials,Industrial Machinery,"Downers Grove, Illinois",1985-10-31,29905,
155,DOW,Dow Inc.,reports,Materials,Commodity Chemicals,"Midland, Michigan",2019-04-01,1751788,2019
156,DTE,DTE Energy Co.,reports,Utilities,Multi-Utilities,"Detroit, Michigan",,936340,1995
157,DUK,Duke Energy,reports,Utilities,Electric Utilities,"Charlotte, North Carolina",1976-06-30,1326160,
158,DRE,Duke Realty Corp,reports,Real Estate,Industrial REITs,"Indianapolis, Indiana",2017-07-26,783280,
159,DD,DuPont de Nemours Inc,reports,Materials,Specialty Chemicals,"Midland, Michigan",2019-04-02,1666700,2017
160,DXC,DXC Technology,reports,Information Technology,IT Consulting & Other Services,"Tysons Corner, Virginia",2017-04-04,1688568,2017
161,ETFC,E*Trade,reports,Financials,Investment Banking & Brokerage,"New York, New York",2004-03-31,1015780,
162,EMN,Eastman Chemical,reports,Materials,Diversified Chemicals,"Kingsport, Tennessee",1994-01-01,915389,
163,ETN,Eaton Corporation,reports,Industrials,Electrical Components & Equipment,"Dublin, Ireland",,1551182,1911
164,EBAY,eBay Inc.,reports,Consumer Discretionary,Internet & Direct Marketing Retail,"San Jose, California",,1065088,1995
165,ECL,Ecolab Inc.,reports,Materials,Specialty Chemicals,"St. Paul, Minnesota",1989-01-31,31462,
166,EIX,Edison Int'l,reports,Utilities,Electric Utilities,"Rosemead, California",,827052,1886
167,EW,Edwards Lifesciences,reports,Health Care,Health Care Equipment,"Irvine, California",2011-04-01,1099800,
168,EA,Electronic Arts,reports,Communication Services,Interactive Home Entertainment,"Redwood City, California",2002-07-22,712515,
169,EMR,Emerson Electric Company,reports,Industrials,Electrical Components & Equipment,"Ferguson, Missouri",1965-03-31,32604,1890
170,ETR,Entergy Corp.,reports,Utilities,Electric Utilities,"New Orleans, Louisiana",,65984,1913
171,EOG,EOG Resources,reports,Energy,Oil & Gas Exploration & Production,"Houston, Texas",2000-11-02,821189,
172,EFX,Equifax Inc.,reports,Industrials,Research & Consulting Services,"Atlanta, Georgia",1997-06-19,33185,
173,EQIX,Equinix,reports,Real Estate,Specialized REITs,"Redwood City, California",2015-03-20,1101239,
174,EQR,Equity Residential,reports,Real Estate,Residential REITs,"Chicago, Illinois",2001-12-03,906107,
175,ESS,"Essex Property Trust, Inc.",reports,Real Estate,Residential REITs,"Palo Alto, California",2014-04-02,920522,
176,EL,Estée Lauder Companies,reports,Consumer Staples,Personal Products,"New York, New York",2006-01-05,1001250,
177,EVRG,Evergy,reports,Utilities,Electric Utilities,"Kansas City, Missouri",2018-06-05,1711269,1909
178,ES,Eversource Energy,reports,Utilities,Multi-Utilities,"Springfield, Massachusetts",,72741,1966
179,RE,Everest Re Group Ltd.,reports,Financials,Reinsurance,"Hamilton, Bermuda",2017-06-19,1095073,
180,EXC,Exelon Corp.,reports,Utilities,Multi-Utilities,"Chicago, Illinois",,1109357,2000
181,EXPE,Expedia Group,reports,Consumer Discretionary,Internet & Direct Marketing Retail,"Seattle, Washington",2007-10-02,1324424,
182,EXPD,Expeditors,reports,Industrials,Air Freight & Logistics,"Seattle, Washington",2007-10-10,746515,
183,EXR,Extra Space Storage,reports,Real Estate,Specialized REITs,"Salt Lake City, Utah",2016-01-19,1289490,
184,XOM,Exxon Mobil Corp.,reports,Energy,Integrated Oil & Gas,"Irving, Texas",,34088,1999
185,FFIV,F5 Networks,reports,Information Technology,Communications Equipment,"Seattle, Washington",2010-12-20,1048695,1996
186,FB,"Facebook, Inc.",reports,Communication Services,Interactive Media & Services,"Menlo Park, California",2013-12-23,1326801,
187,FAST,Fastenal Co,reports,Industrials,Building Products,"Winona, Minnesota",2008-09-15,815556,
188,FRT,Federal Realty Investment Trust,reports,Real Estate,Retail REITs,"Rockville, Maryland",2016-02-01,34903,
189,FDX,FedEx Corporation,reports,Industrials,Air Freight & Logistics,"Memphis, Tennessee",1980-12-31,1048911,
190,FIS,Fidelity National Information Services,reports,Information Technology,Data Processing & Outsourced Services,"Jacksonville, Florida",2006-11-10,1136893,
191,FITB,Fifth Third Bancorp,reports,Financials,Regional Banks,"Cincinnati, Ohio",,35527,1858
192,FE,FirstEnergy Corp,reports,Utilities,Electric Utilities,"Akron, Ohio",,1031296,1997
193,FRC,First Republic Bank,reports,Financials,Regional Banks,"San Francisco, California",2019-01-02,1132979,1985
194,FISV,Fiserv Inc,reports,Information Technology,Data Processing & Outsourced Services,"Brookfield, Wisconsin",2001-04-02,798354,
195,FLT,FleetCor Technologies Inc,reports,Information Technology,Data Processing & Outsourced Services,"Norcross, Georgia",2018-06-20,1175454,2000
196,FLIR,FLIR Systems,reports,Information Technology,Electronic Equipment & Instruments,"Wilsonville, Oregon",2009-01-02,354908,
197,FLS,Flowserve Corporation,reports,Industrials,Industrial Machinery,"Irving, Texas",2008-10-02,30625,
198,FMC,FMC Corporation,reports,Materials,Fertilizers & Agricultural Chemicals,"Philadelphia, Pennsylvania",2009-08-19,37785,
199,F,Ford Motor Company,reports,Consumer Discretionary,Automobile Manufacturers,"Dearborn, Michigan",,37996,1903
200,FTNT,Fortinet,reports,Information Technology,Systems Software,"Sunnyvale, California",2018-10-11,1262039,2000
201,FTV,Fortive Corp,reports,Industrials,Industrial Machinery,"Everett, Washington",2016-07-01,1659166,2016
202,FBHS,Fortune Brands Home & Security,reports,Industrials,Building Products,"Deerfield, Illinois",2016-06-22,1519751,
203,FOXA,Fox Corporation Class A,reports,Communication Services,Movies & Entertainment,"New York, New York",2013-07-01,1308161,
204,FOX,Fox Corporation Class B,reports,Communication Services,Movies & Entertainment,"New York, New York",2015-09-18,1308161,
205,BEN,Franklin Resources,reports,Financials,Asset Management & Custody Banks,"San Mateo, California",,38777,1947
206,FCX,Freeport-McMoRan Inc.,reports,Materials,Copper,"Phoenix, Arizona",,831259,1912
207,GPS,Gap Inc.,reports,Consumer Discretionary,Apparel Retail,"San Francisco, California",1986-08-31,39911,
208,GRMN,Garmin Ltd.,reports,Consumer Discretionary,Consumer Electronics,"Schaffhausen, Switzerland",2012-12-12,1121788,
209,IT,Gartner Inc,reports,Information Technology,IT Consulting & Other Services,"Stamford, Connecticut",2017-04-05,749251,
210,GD,General Dynamics,reports,Industrials,Aerospace & Defense,"Falls Church, Virginia",,40533,1899
211,GE,General Electric,reports,Industrials,Industrial Conglomerates,"Boston, Massachusetts",,40545,1892
212,GIS,General Mills,reports,Consumer Staples,Packaged Foods & Meats,"Golden Valley, Minnesota",1969-03-31,40704,1856
213,GM,General Motors,reports,Consumer Discretionary,Automobile Manufacturers,"Detroit, Michigan",2013-06-06,1467858,
214,GPC,Genuine Parts,reports,Consumer Discretionary,Specialty Stores,"Atlanta, Georgia",1973-12-31,40987,1925
215,GILD,Gilead Sciences,reports,Health Care,Biotechnology,"Foster City, California",2004-07-01,882095,
216,GL,Globe Life Inc.,reports,Financials,Life & Health Insurance,"McKinney, Texas",1989-04-30,320335,
217,GPN,Global Payments Inc.,reports,Information Technology,Data Processing & Outsourced Services,"Atlanta, Georgia",2016-04-25,1123360,
218,GS,Goldman Sachs Group,reports,Financials,Investment Banking & Brokerage,"New York, New York",2002-07-22,886982,
219,GWW,Grainger (W.W.) Inc.,reports,Industrials,Industrial Machinery,"Lake Forest, Illinois",1981-06-30,277135,
220,HRB,H&R Block,reports,Consumer Discretionary,Specialized Consumer Services,"Kansas City, Missouri",1986-11-30,12659,
221,HAL,Halliburton Co.,reports,Energy,Oil & Gas Equipment & Services,"Houston, Texas",,45012,1919
222,HBI,Hanesbrands Inc,reports,Consumer Discretionary,"Apparel, Accessories & Luxury Goods","Winston-Salem, North Carolina",2015-03-20,1359841,2000
223,HOG,Harley-Davidson,reports,Consumer Discretionary,Motorcycle Manufacturers,"Milwaukee, Wisconsin",,793952,1903
224,HIG,Hartford Financial Svc.Gp.,reports,Financials,Property & Casualty Insurance,"Hartford, Connecticut",,874766,
225,HAS,Hasbro Inc.,reports,Consumer Discretionary,Leisure Products,"Pawtucket, Rhode Island",1984-09-30,46080,
226,HCA,HCA Healthcare,reports,Health Care,Health Care Facilities,"Nashville, Tennessee",2015-01-27,860730,
227,PEAK,Healthpeak Properties,reports,Real Estate,Health Care REITs,"Long Beach, California",2008-03-31,765880,
228,HP,Helmerich & Payne,reports,Energy,Oil & Gas Drilling,"Tulsa, Oklahoma[5]",2010-03-01,46765,
229,HSIC,Henry Schein,reports,Health Care,Health Care Distributors,"Melville, New York",2015-03-17,1000228,
230,HSY,The Hershey Company,reports,Consumer Staples,Packaged Foods & Meats,"Hershey, Pennsylvania",,47111,1894
231,HES,Hess Corporation,reports,Energy,Integrated Oil & Gas,"New York, New York",1984-05-31,4447,
232,HPE,Hewlett Packard Enterprise,reports,Information Technology,"Technology Hardware, Storage & Peripherals","Palo Alto, California",2015-11-02,1645590,2015
233,HLT,Hilton Worldwide Holdings Inc,reports,Consumer Discretionary,"Hotels, Resorts & Cruise Lines","Tysons Corner, Virginia",2017-06-19,1585689,
234,HFC,HollyFrontier Corp,reports,Energy,Oil & Gas Refining & Marketing,"Dallas, Texas",2018-06-18,48039,
235,HOLX,Hologic,reports,Health Care,Health Care Equipment,"Marlborough, Massachusetts",2016-03-30,859737,
236,HD,Home Depot,reports,Consumer Discretionary,Home Improvement Retail,"Atlanta, Georgia",1988-03-31,354950,
237,HON,Honeywell Int'l Inc.,reports,Industrials,Industrial Conglomerates,"Morristown, New Jersey",1964-03-31,773840,1906
238,HRL,Hormel Foods Corp.,reports,Consumer Staples,Packaged Foods & Meats,"Austin, Minnesota",2009-03-04,48465,
239,HST,Host Hotels & Resorts,reports,Real Estate,Hotel & Resort REITs,"Bethesda, Maryland",2007-03-20,1070750,
240,HPQ,HP Inc.,reports,Information Technology,"Technology Hardware, Storage & Peripherals","Palo Alto, California",1974-12-31,47217,1939 (2015)
241,HUM,Humana Inc.,reports,Health Care,Managed Health Care,"Louisville, Kentucky",,49071,1961
242,HBAN,Huntington Bancshares,reports,Financials,Regional Banks,"Columbus, Ohio",,49196,1866
243,HII,Huntington Ingalls Industries,reports,Industrials,Aerospace & Defense,"Newport News, Virginia",2018-01-03,1501585,
244,IEX,IDEX Corporation,reports,Industrials,Industrial Machinery,"Lake Forest, Illinois",2019-08-09,832101,1988
245,IDXX,IDEXX Laboratories,reports,Health Care,Health Care Equipment,"Westbrook, Maine",2017-01-05,874716,
246,INFO,IHS Markit Ltd.,reports,Industrials,Research & Consulting Services,"London, United Kingdom",2017-06-02,1598014,
247,ITW,Illinois Tool Works,reports,Industrials,Industrial Machinery,"Glenview, Illinois",1986-02-28,49826,
248,ILMN,Illumina Inc,reports,Health Care,Life Sciences Tools & Services,"San Diego, California",2015-11-19,1110803,
249,INCY,Incyte,reports,Health Care,Biotechnology,"Wilmington, Delaware",2017-02-28,879169,
250,IR,Ingersoll Rand,reports,Industrials,Industrial Machinery,"Milwaukee, Wisconsin",2020-03-03,1699150,
251,INTC,Intel Corp.,reports,Information Technology,Semiconductors,"Santa Clara, California",1976-12-31,50863,
252,ICE,Intercontinental Exchange,reports,Financials,Financial Exchanges & Data,"Atlanta, Georgia",2007-09-26,1571949,
253,IBM,International Business Machines,reports,Information Technology,IT Consulting & Other Services,"Armonk, New York",,51143,1911
254,IP,International Paper,reports,Materials,Paper Packaging,"Memphis, Tennessee",,51434,1898
255,IPG,Interpublic Group,reports,Communication Services,Advertising,"New York, New York",1992-10-01,51644,
256,IFF,Intl Flavors & Fragrances,reports,Materials,Specialty Chemicals,"New York, New York",1976-03-31,51253,
257,INTU,Intuit Inc.,reports,Information Technology,Application Software,"Mountain View, California",2000-12-05,896878,
258,ISRG,Intuitive Surgical Inc.,reports,Health Care,Health Care Equipment,"Sunnyvale, California",2008-06-02,1035267,
259,IVZ,Invesco Ltd.,reports,Financials,Asset Management & Custody Banks,"Atlanta, Georgia",2008-08-21,914208,
260,IPGP,IPG Photonics Corp.,reports,Information Technology,Electronic Manufacturing Services,"Oxford, Massachusetts",2018-03-07,1111928,
261,IQV,IQVIA Holdings Inc.,reports,Health Care,Life Sciences Tools & Services,"Durham, North Carolina",2017-08-29,1478242,
262,IRM,Iron Mountain Incorporated,reports,Real Estate,Specialized REITs,"Boston, Massachusetts",2009-01-06,1020569,
263,JKHY,Jack Henry & Associates,reports,Information Technology,Data Processing & Outsourced Services,"Monett, Missouri",2018-11-13,779152,1976
264,J,Jacobs Engineering Group,reports,Industrials,Construction & Engineering,"Dallas, Texas",2007-10-26,52988,
265,JBHT,J. B. Hunt Transport Services,reports,Industrials,Trucking,"Lowell, Arkansas",2015-07-01,728535,
266,SJM,JM Smucker,reports,Consumer Staples,Packaged Foods & Meats,"Orrville, Ohio",2008-11-06,91419,
267,JNJ,Johnson & Johnson,reports,Health Care,Pharmaceuticals,"New Brunswick, New Jersey",1973-06-30,200406,1886
268,JCI,Johnson Controls International,reports,Industrials,Building Products,"Cork, Ireland",2010-08-27,833444,
269,JPM,JPMorgan Chase & Co.,reports,Financials,Diversified Banks,"New York, New York",1975-06-30,19617,
270,JNPR,Juniper Networks,reports,Information Technology,Communications Equipment,"Sunnyvale, California",2006-06-02,1043604,1996
271,KSU,Kansas City Southern,reports,Industrials,Railroads,"Kansas City, Missouri",2013-05-24,54480,
272,K,Kellogg Co.,reports,Consumer Staples,Packaged Foods & Meats,"Battle Creek, Michigan",,55067,1906
273,KEY,KeyCorp,reports,Financials,Regional Banks,"Cleveland, Ohio",1994-03-01,91576,
274,KEYS,Keysight Technologies,reports,Information Technology,Electronic Equipment & Instruments,"Santa Rosa, California",2018-11-06,1601046,2014
275,KMB,Kimberly-Clark,reports,Consumer Staples,Household Products,"Irving, Texas",,55785,1872
276,KIM,Kimco Realty,reports,Real Estate,Retail REITs,"New Hyde Park, New York",2006-04-04,879101,
277,KMI,Kinder Morgan,reports,Energy,Oil & Gas Storage & Transportation,"Houston, Texas",2012-05-25,1506307,
278,KLAC,KLA Corporation,reports,Information Technology,Semiconductor Equipment,"Milpitas, California",,319201,1975/1977 (1997)
279,KSS,Kohl's Corp.,reports,Consumer Discretionary,General Merchandise Stores,"Menomonee Falls, Wisconsin",,885639,1962
280,KHC,Kraft Heinz Co,reports,Consumer Staples,Packaged Foods & Meats,"Chicago, Illinois; Pittsburgh, Pennsylvania",2015-07-06,1637459,2015 (1869)
281,KR,Kroger Co.,reports,Consumer Staples,Food Retail,"Cincinnati, Ohio",,56873,1883
282,LB,L Brands Inc.,reports,Consumer Discretionary,Apparel Retail,"Columbus, Ohio",1983-09-30,701985,
283,LHX,L3Harris Technologies,reports,Industrials,Aerospace & Defense,"Melbourne, Florida",,202058,
284,LH,Laboratory Corp. of America Holding,reports,Health Care,Health Care Services,"Burlington, North Carolina",2004-11-01,920148,
285,LRCX,Lam Research,reports,Information Technology,Semiconductor Equipment,"Fremont, California",2012-06-29,707549,
286,LW,Lamb Weston Holdings Inc,reports,Consumer Staples,Packaged Foods & Meats,"Eagle, Idaho",2018-12-03,1679273,2016 (1950)
287,LVS,Las Vegas Sands,reports,Consumer Discretionary,Casinos & Gaming,"Las Vegas, Nevada",2019-10-03,1300514,1988
288,LEG,Leggett & Platt,reports,Consumer Discretionary,Home Furnishings,"Carthage, Missouri",,58492,1883
289,LDOS,Leidos Holdings,reports,Information Technology,IT Consulting & Other Services,"Reston, Virginia",2019-08-09,1336920,1969
290,LEN,Lennar Corp.,reports,Consumer Discretionary,Homebuilding,"Miami, Florida",2005-10-04,920760,
291,LLY,Lilly (Eli) & Co.,reports,Health Care,Pharmaceuticals,"Indianapolis, Indiana",1970-12-31,59478,1876
292,LNC,Lincoln National,reports,Financials,Multi-line Insurance,"Radnor, Pennsylvania",1976-06-30,59558,
293,LIN,Linde plc,reports,Materials,Industrial Gases,"Guildford, Surrey, United Kingdom",1992-07-01,1707925,1879
294,LYV,Live Nation Entertainment,reports,Communication Services,Movies & Entertainment,"Beverly Hills, California",2019-12-23,1335258,2010
295,LKQ,LKQ Corporation,reports,Consumer Discretionary,Distributors,"Chicago, Illinois",2016-05-23,1065696,
296,LMT,Lockheed Martin Corp.,reports,Industrials,Aerospace & Defense,"Bethesda, Maryland",1984-07-31,936468,
297,L,Loews Corp.,reports,Financials,Multi-line Insurance,"New York, New York",,60086,
298,LOW,Lowe's Cos.,reports,Consumer Discretionary,Home Improvement Retail,"Mooresville, North Carolina",1984-02-29,60667,1904/1946/1959
299,LYB,LyondellBasell,reports,Materials,Specialty Chemicals,"Rotterdam, Netherlands",2012-09-05,1489393,
300,MTB,M&T Bank Corp.,reports,Financials,Regional Banks,"Buffalo, New York",,36270,1856
301,M,Macy's Inc.,reports,Consumer Discretionary,Department Stores,"Cincinnati, Ohio",,794367,1929
302,MRO,Marathon Oil Corp.,reports,Energy,Oil & Gas Exploration & Production,"Houston, Texas",1991-05-01,101778,
303,MPC,Marathon Petroleum,reports,Energy,Oil & Gas Refining & Marketing,"Findlay, Ohio",2011-07-01,1510295,
304,MKTX,MarketAxess,reports,Financials,Financial Exchanges & Data,"New York, New York",2019-07-01,1278021,2000
305,MAR,Marriott Int'l.,reports,Consumer Discretionary,"Hotels, Resorts & Cruise Lines","Bethesda, Maryland",,1048286,1927
306,MMC,Marsh & McLennan,reports,Financials,Insurance Brokers,"New York, New York",1987-08-31,62709,
307,MLM,Martin Marietta Materials,reports,Materials,Construction Materials,"Raleigh, North Carolina",2014-07-02,916076,
308,MAS,Masco Corp.,reports,Industrials,Building Products,"Livonia, Michigan",1981-06-30,62996,
309,MA,Mastercard Inc.,reports,Information Technology,Data Processing & Outsourced Services,"Harrison, New York",2008-07-18,1141391,
310,MKC,McCormick & Co.,reports,Consumer Staples,Packaged Foods & Meats,"Hunt Valley, Maryland",,63754,1889
311,MXIM,Maxim Integrated Products Inc,reports,Information Technology,Semiconductors,"San Jose, California",2018-12-03,743316,1983
312,MCD,McDonald's Corp.,reports,Consumer Discretionary,Restaurants,"Chicago, Illinois",1970-06-30,63908,1940
313,MCK,McKesson Corp.,reports,Health Care,Health Care Distributors,"Irving, Texas",,927653,1833
314,MDT,Medtronic plc,reports,Health Care,Health Care Equipment,"Dublin, Ireland",1986-10-31,1613103,1949
315,MRK,Merck & Co.,reports,Health Care,Pharmaceuticals,"Kenilworth, New Jersey",,310158,1891
316,MET,MetLife Inc.,reports,Financials,Life & Health Insurance,"New York, New York",,1099219,1868
317,MTD,Mettler Toledo,reports,Health Care,Life Sciences Tools & Services,"Columbus, Ohio",2016-09-06,1037646,
318,MGM,MGM Resorts International,reports,Consumer Discretionary,Casinos & Gaming,"Paradise, Nevada",2017-07-26,789570,
319,MCHP,Microchip Technology,reports,Information Technology,Semiconductors,"Chandler, Arizona",2007-09-07,827054,
320,MU,Micron Technology,reports,Information Technology,Semiconductors,"Boise, Idaho",1994-09-27,723125,
321,MSFT,Microsoft Corp.,reports,Information Technology,Systems Software,"Redmond, Washington",1994-06-01,789019,1975
322,MAA,Mid-America Apartments,reports,Real Estate,Residential REITs,"Memphis, Tennessee",2016-12-02,912595,
323,MHK,Mohawk Industries,reports,Consumer Discretionary,Home Furnishings,"Calhoun, Georgia",2013-12-23,851968,
324,TAP,Molson Coors Brewing Company,reports,Consumer Staples,Brewers,"Denver, Colorado",1976-06-30,24545,
325,MDLZ,Mondelez International,reports,Consumer Staples,Packaged Foods & Meats,"Deerfield, Illinois",2012-10-02,1103982,
326,MNST,Monster Beverage,reports,Consumer Staples,Soft Drinks,"Corona, California",2012-06-28,865752,
327,MCO,Moody's Corp,reports,Financials,Financial Exchanges & Data,"New York, New York",,1059556,1909
328,MS,Morgan Stanley,reports,Financials,Investment Banking & Brokerage,"New York, New York",,895421,1935
329,MOS,The Mosaic Company,reports,Materials,Fertilizers & Agricultural Chemicals,"Tampa, Florida",2011-09-26,1285785,
330,MSI,Motorola Solutions Inc.,reports,Information Technology,Communications Equipment,"Chicago, Illinois",,68505,1928 (2011)
331,MSCI,MSCI Inc,reports,Financials,Financial Exchanges & Data,"New York, New York",2018-04-04,1408198,
332,MYL,Mylan N.V.,reports,Health Care,Pharmaceuticals,"Amsterdam, Netherlands",2004-04-23,1623613,1961
333,NDAQ,"Nasdaq, Inc.",reports,Financials,Financial Exchanges & Data,"New York, New York",2008-10-22,1120193,
334,NOV,National Oilwell Varco Inc.,reports,Energy,Oil & Gas Equipment & Services,"Houston, Texas",2005-03-14,1021860,
335,NTAP,NetApp,reports,Information Technology,"Technology Hardware, Storage & Peripherals","Sunnyvale, California",1999-06-25,1002047,
336,NFLX,Netflix Inc.,reports,Communication Services,Movies & Entertainment,"Los Gatos, California",2010-12-20,1065280,1997
337,NWL,Newell Brands,reports,Consumer Discretionary,Housewares & Specialties,"Atlanta, Georgia",1989-04-30,814453,
338,NEM,Newmont Corporation,reports,Materials,Gold,"Denver, Colorado",1969-06-30,1164727,1921
339,NWSA,News Corp. Class A,reports,Communication Services,Publishing,"New York, New York",2013-08-01,1564708,
340,NWS,News Corp. Class B,reports,Communication Services,Publishing,"New York, New York",2015-09-18,1564708,
341,NEE,NextEra Energy,reports,Utilities,Multi-Utilities,"Juno Beach, Florida",1976-06-30,753308,
342,NLSN,Nielsen Holdings,reports,Industrials,Research & Consulting Services,"New York, New York",2013-07-09,1492633,
343,NKE,Nike,reports,Consumer Discretionary,"Apparel, Accessories & Luxury Goods","Washington County, Oregon",1988-11-30,320187,
344,NI,NiSource Inc.,reports,Utilities,Multi-Utilities,"Merrillville, Indiana",,1111711,1912
345,NBL,Noble Energy Inc,reports,Energy,Oil & Gas Exploration & Production,"Houston, Texas",2007-10-08,72207,
346,JWN,Nordstrom,reports,Consumer Discretionary,Department Stores,"Seattle, Washington",1986-08-31,72333,
347,NSC,Norfolk Southern Corp.,reports,Industrials,Railroads,"Norfolk, Virginia",,702165,1881/1894 (1980)
348,NTRS,Northern Trust Corp.,reports,Financials,Asset Management & Custody Banks,"Chicago, Illinois",,73124,1889
349,NOC,Northrop Grumman,reports,Industrials,Aerospace & Defense,"West Falls Church, Virginia",1985-06-30,1133421,
350,NLOK,NortonLifeLock,reports,Information Technology,Application Software,"Tempe, Arizona",2003-03-25,849399,
351,NCLH,Norwegian Cruise Line Holdings,reports,Consumer Discretionary,"Hotels, Resorts & Cruise Lines","Miami, Florida",2017-10-13,1513761,
352,NRG,NRG Energy,reports,Utilities,Independent Power Producers & Energy Traders,"Princeton, New Jersey",2010-01-29,1013871,
353,NUE,Nucor Corp.,reports,Materials,Steel,"Charlotte, North Carolina",1985-04-30,73309,
354,NVDA,Nvidia Corporation,reports,Information Technology,Semiconductors,"Santa Clara, California",2001-11-30,1045810,
355,NVR,NVR Inc,reports,Consumer Discretionary,Homebuilding,"Reston, VA",2019-09-26,906163,1980
356,ORLY,O'Reilly Automotive,reports,Consumer Discretionary,Specialty Stores,"Springfield, Missouri",2009-03-27,898173,
357,OXY,Occidental Petroleum,reports,Energy,Oil & Gas Exploration & Production,"Houston, Texas",1982-12-31,797468,
358,ODFL,Old Dominion Freight Line,reports,Industrials,Trucking,"Thomasville, North Carolina",2019-12-09,878927,1934
359,OMC,Omnicom Group,reports,Communication Services,Advertising,"New York, New York",,29989,1986
360,OKE,ONEOK,reports,Energy,Oil & Gas Storage & Transportation,"Tulsa, Oklahoma",2010-03-15,1039684,
361,ORCL,Oracle Corp.,reports,Information Technology,Application Software,"Redwood Shores, California",1989-08-31,1341439,
362,PCAR,PACCAR Inc.,reports,Industrials,Construction Machinery & Heavy Trucks,"Bellevue, Washington",1980-12-31,75362,
363,PKG,Packaging Corporation of America,reports,Materials,Paper Packaging,"Lake Forest, Illinois",2017-07-26,75677,
364,PH,Parker-Hannifin,reports,Industrials,Industrial Machinery,"Cleveland, Ohio",1985-11-30,76334,
365,PAYX,Paychex Inc.,reports,Information Technology,Data Processing & Outsourced Services,"Penfield, New York",,723531,1971
366,PAYC,Paycom,reports,Information Technology,Application Software,"Oklahoma City, Oklahoma",2020-01-28,1590955,1998
367,PYPL,PayPal,reports,Information Technology,Data Processing & Outsourced Services,"San Jose, California",2015-07-20,1633917,1998
368,PNR,Pentair plc,reports,Industrials,Industrial Machinery,"Worsley, UK",2012-10-01,77360,
369,PBCT,People's United Financial,reports,Financials,Thrifts & Mortgage Finance,"Bridgeport, Connecticut",2008-11-13,1378946,
370,PEP,PepsiCo Inc.,reports,Consumer Staples,Soft Drinks,"Purchase, New York",,77476,1898
371,PKI,PerkinElmer,reports,Health Care,Health Care Equipment,"Waltham, Massachusetts",1985-05-31,31791,
372,PRGO,Perrigo,reports,Health Care,Pharmaceuticals,"Dublin, Ireland",2011-12-19,1585364,
373,PFE,Pfizer Inc.,reports,Health Care,Pharmaceuticals,"New York, New York",,78003,1849
374,PM,Philip Morris International,reports,Consumer Staples,Tobacco,"New York, New York",2008-03-31,1413329,
375,PSX,Phillips 66,reports,Energy,Oil & Gas Refining & Marketing,"Houston, Texas",2012-05-01,1534701,
376,PNW,Pinnacle West Capital,reports,Utilities,Multi-Utilities,"Phoenix, Arizona",,764622,1985
377,PXD,Pioneer Natural Resources,reports,Energy,Oil & Gas Exploration & Production,"Irving, Texas",2008-09-24,1038357,
378,PNC,PNC Financial Services,reports,Financials,Regional Banks,"Pittsburgh, Pennsylvania",1988-04-30,713676,
379,PPG,PPG Industries,reports,Materials,Specialty Chemicals,"Pittsburgh, Pennsylvania",,79879,1883
380,PPL,PPL Corp.,reports,Utilities,Electric Utilities,"Allentown, Pennsylvania",,922224,
381,PFG,Principal Financial Group,reports,Financials,Life & Health Insurance,"Des Moines, Iowa",2002-07-22,1126328,
382,PG,Procter & Gamble,reports,Consumer Staples,Personal Products,"Cincinnati, Ohio",,80424,1837
383,PGR,Progressive Corp.,reports,Financials,Property & Casualty Insurance,"Mayfield Village, Ohio",1997-08-04,80661,
384,PLD,Prologis,reports,Real Estate,Industrial REITs,"San Francisco, California",2003-07-17,1045609,
385,PRU,Prudential Financial,reports,Financials,Life & Health Insurance,"Newark, New Jersey",2002-07-22,1137774,
386,PEG,Public Serv. Enterprise Inc.,reports,Utilities,Electric Utilities,"Newark, New Jersey",,788784,
387,PSA,Public Storage,reports,Real Estate,Specialized REITs,"Glendale, California",2005-08-19,1393311,
388,PHM,PulteGroup,reports,Consumer Discretionary,Homebuilding,"Atlanta, Georgia",1984-04-30,822416,
389,PVH,PVH Corp.,reports,Consumer Discretionary,"Apparel, Accessories & Luxury Goods","New York, New York",2013-02-15,78239,
390,QRVO,Qorvo,reports,Information Technology,Semiconductors,"Greensboro, North Carolina",2015-06-11,1604778,2015
391,PWR,Quanta Services Inc.,reports,Industrials,Construction & Engineering,"Houston, Texas",2009-07-01,1050915,
392,QCOM,QUALCOMM Inc.,reports,Information Technology,Semiconductors,"San Diego, California",,804328,1985
393,DGX,Quest Diagnostics,reports,Health Care,Health Care Services,"Secaucus, New Jersey",2002-12-12,1022079,
394,RL,Ralph Lauren Corporation,reports,Consumer Discretionary,"Apparel, Accessories & Luxury Goods","New York, New York",2007-02-02,1037038,
395,RJF,Raymond James Financial Inc.,reports,Financials,Investment Banking & Brokerage,"St. Petersburg, Florida",2017-03-20,720005,
396,RTN,Raytheon Co.,reports,Industrials,Aerospace & Defense,"Waltham, Massachusetts",,1047122,1922
397,O,Realty Income Corporation,reports,Real Estate,Retail REITs,"San Diego, California",2015-04-07,726728,
398,REG,Regency Centers Corporation,reports,Real Estate,Retail REITs,"Jacksonville, Florida",2017-03-02,910606,
399,REGN,Regeneron Pharmaceuticals,reports,Health Care,Biotechnology,"Tarrytown, New York",2013-05-01,872589,
400,RF,Regions Financial Corp.,reports,Financials,Regional Banks,"Birmingham, Alabama",1998-08-28,1281761,
401,RSG,Republic Services Inc,reports,Industrials,Environmental & Facilities Services,"Phoenix, Arizona",2008-12-05,1060391,
402,RMD,ResMed,reports,Health Care,Health Care Equipment,"San Diego, California",2017-07-26,943819,
403,RHI,Robert Half International,reports,Industrials,Human Resource & Employment Services,"Menlo Park, California",2000-12-05,315213,
404,ROK,Rockwell Automation Inc.,reports,Industrials,Electrical Components & Equipment,"Milwaukee, Wisconsin",,1024478,
405,ROL,Rollins Inc.,reports,Industrials,Environmental & Facilities Services,"Atlanta, Georgia",2018-10-01,84839,1948
406,ROP,Roper Technologies,reports,Industrials,Industrial Conglomerates,"Sarasota, Florida",2009-12-23,882835,
407,ROST,Ross Stores,reports,Consumer Discretionary,Apparel Retail,"Dublin, California",2009-12-21,745732,
408,RCL,Royal Caribbean Cruises Ltd,reports,Consumer Discretionary,"Hotels, Resorts & Cruise Lines","Miami, Florida",2014-12-05,884887,
409,SPGI,"S&P Global, Inc.",reports,Financials,Financial Exchanges & Data,"New York, New York",,64040,
410,CRM,Salesforce.com,reports,Information Technology,Application Software,"San Francisco, California",2008-09-15,1108524,
411,SBAC,SBA Communications,reports,Real Estate,Specialized REITs,"Boca Raton, Florida",2017-09-01,1034054,
412,SLB,Schlumberger Ltd.,reports,Energy,Oil & Gas Equipment & Services,"Curaçao, Kingdom of the Netherlands",1965-03-31,87347,1926
413,STX,Seagate Technology,reports,Information Technology,"Technology Hardware, Storage & Peripherals","Dublin, Ireland",2012-07-02,1137789,
414,SEE,Sealed Air,reports,Materials,Paper Packaging,"Charlotte, North Carolina",,1012100,
415,SRE,Sempra Energy,reports,Utilities,Multi-Utilities,"San Diego, California",,1032208,
416,NOW,ServiceNow,reports,Information Technology,Systems Software,"Santa Clara, California",2019-11-21,1373715,2003
417,SHW,Sherwin-Williams,reports,Materials,Specialty Chemicals,"Cleveland, Ohio",1964-06-30,89800,1866
418,SPG,Simon Property Group Inc,reports,Real Estate,Retail REITs,"Indianapolis, Indiana",2002-06-26,1063761,2003
419,SWKS,Skyworks Solutions,reports,Information Technology,Semiconductors,"Woburn, Massachusetts",2015-03-12,4127,
420,SLG,SL Green Realty,reports,Real Estate,Office REITs,"New York, New York",2015-03-20,1040971,
421,SNA,Snap-on,reports,Industrials,Industrial Machinery,"Kenosha, Wisconsin",1982-09-30,91440,1920
422,SO,Southern Co.,reports,Utilities,Electric Utilities,"Atlanta, Georgia",,92122,
423,LUV,Southwest Airlines,reports,Industrials,Airlines,"Dallas, Texas",1994-07-01,92380,
424,SWK,Stanley Black & Decker,reports,Industrials,Industrial Machinery,"New Britain, Connecticut",1982-09-30,93556,
425,SBUX,Starbucks Corp.,reports,Consumer Discretionary,Restaurants,"Seattle, Washington",,829224,1971
426,STT,State Street Corp.,reports,Financials,Asset Management & Custody Banks,"Boston, Massachusetts",,93751,
427,STE,STERIS plc,reports,Health Care,Health Care Equipment,"Dublin, Ireland",2019-12-23,1757898,1985
428,SYK,Stryker Corp.,reports,Health Care,Health Care Equipment,"Kalamazoo, Michigan",2000-12-12,310764,
429,SIVB,SVB Financial,reports,Financials,Regional Banks,"Santa Clara, California",2018-03-19,719739,
430,SYF,Synchrony Financial,reports,Financials,Consumer Finance,"Stamford, Connecticut",2015-11-18,1601712,2003
431,SNPS,Synopsys Inc.,reports,Information Technology,Application Software,"Mountain View, California",2017-03-16,883241,
432,SYY,Sysco Corp.,reports,Consumer Staples,Food Distributors,"Houston, Texas",1986-12-31,96021,
433,TMUS,T-Mobile US,reports,Communication Services,Wireless Telecommunication Services,"Bellevue, Washington",2019-07-15,1283699,1994
434,TROW,T. Rowe Price Group,reports,Financials,Asset Management & Custody Banks,"Baltimore, Maryland",,1113169,1937
435,TTWO,Take-Two Interactive,reports,Communication Services,Interactive Home Entertainment,"New York, New York",2018-03-19,946581,
436,TPR,"Tapestry, Inc.",reports,Consumer Discretionary,"Apparel, Accessories & Luxury Goods","New York, New York",,1116132,2017
437,TGT,Target Corp.,reports,Consumer Discretionary,General Merchandise Stores,"Minneapolis, Minnesota",1976-12-31,27419,
438,TEL,TE Connectivity Ltd.,reports,Information Technology,Electronic Manufacturing Services,"Schaffhausen, Switzerland",2011-10-17,1385157,
439,FTI,TechnipFMC,reports,Energy,Oil & Gas Equipment & Services,"London, United Kingdom",2009-06-05,1681459,2017 (1958)
440,TFX,Teleflex,reports,Health Care,Health Care Equipment,"Wayne, Pennsylvania",2019-01-18,96943,1943
441,TXN,Texas Instruments,reports,Information Technology,Semiconductors,"Dallas, Texas",,97476,1930
442,TXT,Textron Inc.,reports,Industrials,Aerospace & Defense,"Providence, Rhode Island",1978-12-31,217346,
443,TMO,Thermo Fisher Scientific,reports,Health Care,Life Sciences Tools & Services,"Waltham, Massachusetts",,97745,2006 (1902)
444,TIF,Tiffany & Co.,reports,Consumer Discretionary,"Apparel, Accessories & Luxury Goods","New York, New York",2000-06-21,98246,
445,TJX,TJX Companies Inc.,reports,Consumer Discretionary,Apparel Retail,"Framingham, Massachusetts",1985-09-30,109198,
446,TSCO,Tractor Supply Company,reports,Consumer Discretionary,Specialty Stores,"Brentwood, Tennessee",2014-01-24,916365,
447,TT,Trane Technologies plc,reports,Industrials,Building Products,"Dublin, Ireland",2010-11-17,1466258,
448,TDG,TransDigm Group,reports,Industrials,Aerospace & Defense,"Cleveland, Ohio",2016-06-03,1260221,
449,TRV,The Travelers Companies Inc.,reports,Financials,Property & Casualty Insurance,"New York, New York",2002-08-21,86312,
450,TFC,Truist Financial,reports,Financials,Regional Banks,"Charlotte, North Carolina",1997-12-04,92230,
451,TWTR,"Twitter, Inc.",reports,Communication Services,Interactive Media & Services,"San Francisco, California",2018-06-07,1418091,
452,TSN,Tyson Foods,reports,Consumer Staples,Packaged Foods & Meats,"Springdale, Arkansas",,100493,
453,UDR,"UDR, Inc.",reports,Real Estate,Residential REITs,"Highlands Ranch, Colorado",2016-03-07,74208,
454,ULTA,Ulta Beauty,reports,Consumer Discretionary,Specialty Stores,"Bolingbrook, Illinois",2016-04-18,1403568,1990
455,USB,U.S. Bancorp,reports,Financials,Diversified Banks,"Minneapolis, Minnesota",,36104,1968
456,UAA,Under Armour Class A,reports,Consumer Discretionary,"Apparel, Accessories & Luxury Goods","Baltimore, Maryland",2014-05-01,1336917,
457,UA,Under Armour Class C,reports,Consumer Discretionary,"Apparel, Accessories & Luxury Goods","Baltimore, Maryland",2016-04-08,1336917,
458,UNP,Union Pacific Corp,reports,Industrials,Railroads,"Omaha, Nebraska",,100885,
459,UAL,United Airlines Holdings,reports,Industrials,Airlines,"Chicago, Illinois",2015-09-03,100517,
460,UNH,United Health Group Inc.,reports,Health Care,Managed Health Care,"Minnetonka, Minnesota",1994-07-01,731766,
461,UPS,United Parcel Service,reports,Industrials,Air Freight & Logistics,"Atlanta, Georgia",2002-07-22,1090727,
462,URI,"United Rentals, Inc.",reports,Industrials,Trading Companies & Distributors,"Stamford, Connecticut",2014-09-20,1067701,
463,UTX,United Technologies,reports,Industrials,Aerospace & Defense,"Hartford, Connecticut",,101829,
464,UHS,"Universal Health Services, Inc.",reports,Health Care,Health Care Facilities,"King of Prussia, Pennsylvania",2014-09-20,352915,
465,UNM,Unum Group,reports,Financials,Life & Health Insurance,"Chattanooga, Tennessee",1994-03-01,5513,
466,VFC,V.F. Corp.,reports,Consumer Discretionary,"Apparel, Accessories & Luxury Goods","Greensboro, North Carolina",1979-06-30,103379,
467,VLO,Valero Energy,reports,Energy,Oil & Gas Refining & Marketing,"San Antonio, Texas",,1035002,1980
468,VAR,Varian Medical Systems,reports,Health Care,Health Care Equipment,"Palo Alto, California",2007-02-12,203527,
469,VTR,Ventas Inc,reports,Real Estate,Health Care REITs,"Chicago, Illinois",2009-03-04,740260,
470,VRSN,Verisign Inc.,reports,Information Technology,Internet Services & Infrastructure,"Dulles, Virginia",2006-02-01,1014473,
471,VRSK,Verisk Analytics,reports,Industrials,Research & Consulting Services,"Jersey City, New Jersey",2015-10-08,1442145,
472,VZ,Verizon Communications,reports,Communication Services,Integrated Telecommunication Services,"New York, New York",1983-11-30,732712,
473,VRTX,Vertex Pharmaceuticals Inc,reports,Health Care,Biotechnology,"Cambridge, Massachusetts",2013-09-23,875320,
474,VIAC,ViacomCBS,reports,Communication Services,Movies & Entertainment,"New York, New York",,1339947,
475,V,Visa Inc.,reports,Information Technology,Data Processing & Outsourced Services,"San Francisco, California",2009-12-21,1403161,
476,VNO,Vornado Realty Trust,reports,Real Estate,Office REITs,"New York, New York",,899689,
477,VMC,Vulcan Materials,reports,Materials,Construction Materials,"Birmingham, Alabama",1999-06-30,1396009,
478,WRB,W. R. Berkley Corporation,reports,Financials,Property & Casualty Insurance,"Greenwich, Connecticut",2019-12-05,11544,1967
479,WAB,Wabtec Corporation,reports,Industrials,Construction Machinery & Heavy Trucks,"Wilmerding, Pennsylvania",2019-02-27,943452,1999 (1869)
480,WMT,Walmart,reports,Consumer Staples,Hypermarkets & Super Centers,"Bentonville, Arkansas",1982-08-31,104169,
481,WBA,Walgreens Boots Alliance,reports,Consumer Staples,Drug Retail,"Deerfield, Illinois",1979-12-31,1618921,2014
482,DIS,The Walt Disney Company,reports,Communication Services,Movies & Entertainment,"Burbank, California",1976-06-30,1001039,
483,WM,Waste Management Inc.,reports,Industrials,Environmental & Facilities Services,"Houston, Texas",,823768,1968
484,WAT,Waters Corporation,reports,Health Care,Health Care Distributors,"Milford, Massachusetts",,1000697,1958
485,WEC,Wec Energy Group Inc,reports,Utilities,Electric Utilities,"Milwaukee, Wisconsin",2008-10-31,783325,
486,WFC,Wells Fargo,reports,Financials,Diversified Banks,"San Francisco, California",1976-06-30,72971,
487,WELL,Welltower Inc.,reports,Real Estate,Health Care REITs,"Toledo, Ohio",2009-01-30,766704,
488,WDC,Western Digital,reports,Information Technology,"Technology Hardware, Storage & Peripherals","Irvine, California",2009-07-01,106040,
489,WU,Western Union Co,reports,Information Technology,Data Processing & Outsourced Services,"Englewood, Colorado",,1365135,1851
490,WRK,WestRock,reports,Materials,Paper Packaging,"Richmond, Virginia",,1636023,2015
491,WY,Weyerhaeuser,reports,Real Estate,Specialized REITs,"Federal Way, Washington",,106535,
492,WHR,Whirlpool Corp.,reports,Consumer Discretionary,Household Appliances,"Benton Harbor, Michigan",,106640,1911
493,WMB,Williams Cos.,reports,Energy,Oil & Gas Storage & Transportation,"Tulsa, Oklahoma",1975-03-31,107263,
494,WLTW,Willis Towers Watson,reports,Financials,Insurance Brokers,"London, United Kingdom",2016-01-05,1140536,
495,WYNN,Wynn Resorts Ltd,reports,Consumer Discretionary,Casinos & Gaming,"Paradise, Nevada",2008-11-14,1174922,
496,XEL,Xcel Energy Inc,reports,Utilities,Multi-Utilities,"Minneapolis, Minnesota",,72903,1909
497,XRX,Xerox,reports,Information Technology,"Technology Hardware, Storage & Peripherals","Norwalk, Connecticut",,108772,1906
498,XLNX,Xilinx,reports,Information Technology,Semiconductors,"San Jose, California",1999-11-08,743988,
499,XYL,Xylem Inc.,reports,Industrials,Industrial Machinery,"White Plains, New York",2011-11-01,1524472,
500,YUM,Yum! Brands Inc,reports,Consumer Discretionary,Restaurants,"Louisville, Kentucky",1997-10-06,1041061,
501,ZBRA,Zebra Technologies,reports,Information Technology,Electronic Equipment & Instruments,"Lincolnshire, Illinois",2019-12-23,877212,1969
502,ZBH,Zimmer Biomet Holdings,reports,Health Care,Health Care Equipment,"Warsaw, Indiana",2001-08-07,1136869,
503,ZION,Zions Bancorp,reports,Financials,Regional Banks,"Salt Lake City, Utah",2001-06-22,109380,
504,ZTS,Zoetis,reports,Health Care,Pharmaceuticals,"Florham Park, New Jersey",2013-06-21,1555280,
